constructor_id,team_eff_cum_mean,constructor_name
RBM,0.6987063524121043,RB (Visa Cash App)
RED,0.4688704032911409,Red Bull Racing
MER,0.4195272410853925,Mercedes-AMG Petronas
MCL,0.32125767381624204,McLaren
ALP,0.28377548905287603,Alpine
HAA,0.2814458296308162,Haas F1 Team
SAU,0.22165850905495108,Kick Sauber
FER,0.20183320668069088,Ferrari
WIL,0.15419442559359756,Williams
AST,0.12009737934014036,Aston Martin
