constructor_id,team_eff_cum_mean,constructor_name
RED,0.7764851827241631,Red Bull Racing
ALP,0.4853763595521111,Alpine
MER,0.3820362217272756,Mercedes-AMG Petronas
SAU,0.37905811830999636,Kick Sauber
FER,0.28978269994082956,Ferrari
MCL,0.2848911783057716,McLaren
HAA,0.2771201105694472,Haas F1 Team
AST,0.26707733425433416,Aston Martin
RBM,0.20284917767217178,RB (Visa Cash App)
WIL,-0.0340095544304051,Williams
