constructor_id,team_eff_cum_mean,constructor_name
RED,0.7820055317110456,Red Bull Racing
ALP,0.6337183409785807,Alpine
SAU,0.3876069866800101,Kick Sauber
MER,0.3281233222441637,Mercedes-AMG Petronas
MCL,0.2825146771276342,McLaren
FER,0.20569755914562476,Ferrari
HAA,0.16201055091641922,Haas F1 Team
RBM,0.09087284539409747,RB (Visa Cash App)
AST,0.029852059118718986,Aston Martin
WIL,-0.28896246324387137,Williams
