constructor_id,team_eff_cum_mean,constructor_name
RED,0.518986546124189,Red Bull Racing
HAA,0.516593699008163,Haas F1 Team
ALP,0.40446411049543,Alpine
SAU,0.3882486289871251,Kick Sauber
MER,0.3653242523584291,Mercedes-AMG Petronas
FER,0.3223617971133473,Ferrari
RBM,0.31823839602050213,RB (Visa Cash App)
MCL,0.23729852811783234,McLaren
AST,-0.04006734832648787,Aston Martin
WIL,-0.12445515903057319,Williams
