constructor_id,team_eff_cum_mean,constructor_name
HAA,0.5665834501865653,Haas F1 Team
RED,0.48057765771951927,Red Bull Racing
SAU,0.33984789168947255,Kick Sauber
ALP,0.33019824722332985,Alpine
MER,0.3096574393273864,Mercedes-AMG Petronas
FER,0.26562008140930937,Ferrari
MCL,0.2646591657432746,McLaren
RBM,0.17267604838842332,RB (Visa Cash App)
AST,-0.1995886250046632,Aston Martin
WIL,-0.33293083040250154,Williams
