constructor_id,team_eff_cum_mean,constructor_name
HAA,0.5616270008480296,Haas F1 Team
RED,0.4726148334998247,Red Bull Racing
SAU,0.3438909175771334,Kick Sauber
ALP,0.33298651040940624,Alpine
MER,0.31600130405100857,Mercedes-AMG Petronas
FER,0.2684861050417511,Ferrari
MCL,0.25758987174642606,McLaren
RBM,0.16086250029775817,RB (Visa Cash App)
AST,-0.19130805849209948,Aston Martin
WIL,-0.3418543763678826,Williams
