constructor_id,team_eff_cum_mean,constructor_name
ALP,0.07594850891550337,Alpine
RED,0.05505327388884639,Red Bull Racing
RBM,0.05424105958779656,RB (Visa Cash App)
MER,0.0356624390865993,Mercedes-AMG Petronas
HAA,0.025095758925642173,Haas F1 Team
AST,0.022747241754552467,Aston Martin
SAU,-0.004175196864590318,Kick Sauber
WIL,-0.007800036655312928,Williams
MCL,-0.03025890868319564,McLaren
FER,-0.1172218724390186,Ferrari
