constructor_id,team_eff_cum_mean,constructor_name
RED,0.7723992036930503,Red Bull Racing
ALP,0.6218784988131361,Alpine
SAU,0.3696712051912931,Kick Sauber
MER,0.3190067727864111,Mercedes-AMG Petronas
MCL,0.26835873514024783,McLaren
FER,0.20144131223953668,Ferrari
HAA,0.14542368190794058,Haas F1 Team
RBM,0.08651169773522922,RB (Visa Cash App)
AST,0.02553574431748874,Aston Martin
WIL,-0.29085092775374777,Williams
