constructor_id,team_eff_cum_mean,constructor_name
RED,0.7891684372906728,Red Bull Racing
ALP,0.6436618483626501,Alpine
SAU,0.4034877407132193,Kick Sauber
MER,0.33493840863469476,Mercedes-AMG Petronas
MCL,0.2975828929968391,McLaren
FER,0.20850954602588087,Ferrari
HAA,0.17671787020324395,Haas F1 Team
RBM,0.09390038974813389,RB (Visa Cash App)
AST,0.032904797098009704,Aston Martin
WIL,-0.2875646142788704,Williams
