constructor_id,team_eff_cum_mean,constructor_name
RED,0.7993057239612593,Red Bull Racing
ALP,0.659866345382114,Alpine
SAU,0.41706745514416904,Kick Sauber
MER,0.3526206286353071,Mercedes-AMG Petronas
MCL,0.30752112000886184,McLaren
FER,0.21257979107030678,Ferrari
HAA,0.19333987837134112,Haas F1 Team
RBM,0.10291310244100745,RB (Visa Cash App)
AST,0.04374298594418701,Aston Martin
WIL,-0.28786608747347037,Williams
