constructor_id,team_eff_cum_mean,constructor_name
RED,0.7764256601540133,Red Bull Racing
ALP,0.6234779141796438,Alpine
SAU,0.3745077449520355,Kick Sauber
MER,0.3194172605783234,Mercedes-AMG Petronas
MCL,0.2729000889643178,McLaren
FER,0.20384264607917824,Ferrari
HAA,0.14920998061809446,Haas F1 Team
RBM,0.0872422441746308,RB (Visa Cash App)
AST,0.025621765202021467,Aston Martin
WIL,-0.28958003809989225,Williams
