constructor_id,team_eff_cum_mean,constructor_name
RED,0.824832087064868,Red Bull Racing
ALP,0.4897963507735295,Alpine
MER,0.3400376061634563,Mercedes-AMG Petronas
SAU,0.29753463512193723,Kick Sauber
MCL,0.28681345351015497,McLaren
AST,0.24705441308150372,Aston Martin
FER,0.22825631901600113,Ferrari
HAA,0.18453768325342457,Haas F1 Team
RBM,0.16130296334666744,RB (Visa Cash App)
WIL,-0.05601479778051989,Williams
