name,mean,hdi_3%,hdi_97%
alpha,0.3911198858890056,-0.2435943187027596,0.9992912731812622
grid_c,-0.03608458348897318,-0.5519597801195838,0.49144991849008246
street,0.10898014994913713,-0.5631310625545939,0.826710331513954
wet,0.10955850132352236,-0.578924514988845,0.7934407708688747
