constructor_id,team_eff_cum_mean,constructor_name
RED,0.8494063568314246,Red Bull Racing
ALP,0.689780399917482,Alpine
SAU,0.31789082874917834,Kick Sauber
MCL,0.27968494485796086,McLaren
MER,0.2770768686125932,Mercedes-AMG Petronas
FER,0.0894354176126973,Ferrari
RBM,0.04270270347978597,RB (Visa Cash App)
HAA,0.014079334515471902,Haas F1 Team
AST,-0.04718609464588976,Aston Martin
WIL,-0.36841191401629475,Williams
