constructor_id,team_eff_cum_mean,constructor_name
RED,0.5291620063685903,Red Bull Racing
HAA,0.48599433951993926,Haas F1 Team
ALP,0.4207851871164742,Alpine
RBM,0.3387549049771303,RB (Visa Cash App)
SAU,0.3288318472944201,Kick Sauber
MER,0.30640900786366043,Mercedes-AMG Petronas
FER,0.2965803229258046,Ferrari
MCL,0.21394112507454355,McLaren
WIL,-0.19708501067029466,Williams
AST,-0.22126099647453668,Aston Martin
