constructor_id,team_eff_cum_mean,constructor_name
HAA,0.5218137910456898,Haas F1 Team
RED,0.48074991730969957,Red Bull Racing
ALP,0.3827629198260554,Alpine
SAU,0.2621583037606401,Kick Sauber
MER,0.23477765243470106,Mercedes-AMG Petronas
MCL,0.23318811790565544,McLaren
FER,0.22908853099739604,Ferrari
RBM,0.20418343372143613,RB (Visa Cash App)
WIL,-0.4040562229237557,Williams
AST,-0.4214390409807157,Aston Martin
