constructor_id,team_eff_cum_mean,constructor_name
HAA,0.5197410313352714,Haas F1 Team
RED,0.47369559489231877,Red Bull Racing
ALP,0.38513275601097846,Alpine
SAU,0.26752590860238756,Kick Sauber
MER,0.23819478988482543,Mercedes-AMG Petronas
FER,0.2314588018407269,Ferrari
MCL,0.22839093446050515,McLaren
RBM,0.18948666274834677,RB (Visa Cash App)
AST,-0.4018617059897108,Aston Martin
WIL,-0.40968786586893785,Williams
