constructor_id,team_eff_cum_mean,constructor_name
RED,0.08478282748435036,Red Bull Racing
MER,0.06806105997122384,Mercedes-AMG Petronas
RBM,0.060175899515799734,RB (Visa Cash App)
ALP,0.05993119171149372,Alpine
MCL,0.0552907076722164,McLaren
HAA,0.05048526542291665,Haas F1 Team
WIL,0.024113821026105733,Williams
SAU,0.005860971312349883,Kick Sauber
AST,-0.026454495945501835,Aston Martin
FER,-0.13530562242096578,Ferrari
