constructor_id,team_eff_cum_mean,constructor_name
RED,0.8671357557333251,Red Bull Racing
ALP,0.7154226237494905,Alpine
SAU,0.34648724764525557,Kick Sauber
MCL,0.30478184940349845,McLaren
MER,0.3015065481543318,Mercedes-AMG Petronas
FER,0.09749888798618879,Ferrari
RBM,0.055039366921158066,RB (Visa Cash App)
HAA,0.044977337371856246,Haas F1 Team
AST,-0.03245628018729086,Aston Martin
WIL,-0.3661987691740966,Williams
