constructor_id,team_eff_cum_mean,constructor_name
RED,0.8400790435147123,Red Bull Racing
ALP,0.6785783803431599,Alpine
SAU,0.3013043601625211,Kick Sauber
MER,0.26829982134013064,Mercedes-AMG Petronas
MCL,0.26627120417500894,McLaren
FER,0.08498790437728872,Ferrari
RBM,0.03840022503493215,RB (Visa Cash App)
HAA,-0.0016957401818710593,Haas F1 Team
AST,-0.051759781621469776,Aston Martin
WIL,-0.3705592928295313,Williams
