constructor_id,team_eff_cum_mean,constructor_name
RED,0.8564040727817358,Red Bull Racing
ALP,0.6991867691299891,Alpine
SAU,0.33253694655838806,Kick Sauber
MCL,0.2938503504694648,McLaren
MER,0.2837059263757568,Mercedes-AMG Petronas
FER,0.09250344910788239,Ferrari
RBM,0.04570405337124125,RB (Visa Cash App)
HAA,0.028045135493702824,Haas F1 Team
AST,-0.04385354866795721,Aston Martin
WIL,-0.3667653292426324,Williams
