constructor_id,team_eff_cum_mean,constructor_name
RED,0.8436012026978922,Red Bull Racing
ALP,0.679773854293011,Alpine
SAU,0.3052998650990691,Kick Sauber
MCL,0.2700455359097777,McLaren
MER,0.26833773724943877,Mercedes-AMG Petronas
FER,0.08708814008045578,Ferrari
RBM,0.03895727102791311,RB (Visa Cash App)
HAA,0.0015115843656107585,Haas F1 Team
AST,-0.051839380435700445,Aston Martin
WIL,-0.3694190787213009,Williams
