variant,prior_sd_driver,prior_sd_team,infer,use_street,use_wet,use_gridc,season_min,season_max,drivers_kendall_tau,drivers_spearman_rho,drivers_overlap_n,constructors_kendall_tau,constructors_spearman_rho,constructors_overlap_n
prior_d_0.10,0.1,0.15,advi,True,True,True,,,0.9782608695652174,0.997391304347826,24,0.9999999999999999,0.9999999999999999,10
prior_d_0.30,0.3,0.15,advi,True,True,True,,,0.9855072463768115,0.9982608695652172,24,0.9999999999999999,0.9999999999999999,10
prior_t_0.10,0.2,0.1,advi,True,True,True,,,0.9927536231884059,0.9991304347826085,24,0.9555555555555554,0.9878787878787878,10
prior_t_0.25,0.2,0.25,advi,True,True,True,,,0.9927536231884059,0.9991304347826085,24,0.9999999999999999,0.9999999999999999,10
no_street,0.2,0.15,advi,False,True,True,,,0.48550724637681164,0.6139130434782608,24,0.6,0.6363636363636362,10
no_wet,0.2,0.15,advi,True,False,True,,,0.48550724637681164,0.6078260869565217,24,0.6,0.6242424242424242,10
no_gridc,0.2,0.15,advi,True,True,False,,,0.49275362318840576,0.6443478260869565,24,0.4222222222222222,0.5757575757575757,10
nuts_2024,0.2,0.15,nuts,True,True,True,2024,2024,0.17391304347826086,0.20608695652173914,24,0.37777777777777777,0.49090909090909085,10
